{
  "non_skippable_config": {
    "Navigation": {
      "is_skippable": false,
      "land_before": 0,
      "description": "Navigation node (non-skippable unless _VOICEPROMPT.wav present)"
    },
    "URL": {
      "is_skippable": false,
      "land_before": 0,
      "description": "User input node"
    },
    "DB": {
      "is_skippable": false,
      "land_before": 0,
      "description": "Database operation node"
    },
    "Processing": {
      "is_skippable": false,
      "land_before": 1,
      "description": "Processing node"
    },
    "DigitCollection": {
      "is_skippable": false,
      "land_before": 1,
      "description": "Digit collection node"
    }
  },
  "default_config": {
    "is_skippable": true,
    "land_before": 1,
    "description": "Default node"
  }
} 