{
  "default_max_tier": 3,
  "default_confidence_thresholds": {
    "tier1_min_confidence": 0.9,
    "tier2_min_confidence": 0.7
  },
  "language_configs": {
    "en-US": {
      "max_tier": 3,
      "tier1_min_confidence": 0.8,
      "tier2_min_confidence": 0.6
    },
    "ps-AF": {
      "max_tier": 2,
      "tier1_min_confidence": 0.8,
      "tier2_min_confidence": 0.1
    },
    "fa-IR": {
      "max_tier": 1,
      "tier1_min_confidence": 0.8,
      "tier2_min_confidence": 0.1
    },
    "en-IN": {
      "max_tier": 3,
      "tier1_min_confidence": 0.8,
      "tier2_min_confidence": 0.6
    },
    "fa-AF": {
      "max_tier": 2,
      "tier1_min_confidence": 0.8,
      "tier2_min_confidence": 0.1
    }
  }
}
