{
  "keywords": {
    "urgency": {
      "high": ["urgent", "emergency", "immediately", "asap", "critical", "important", "right away", "now"],
      "medium": ["soon", "today", "this afternoon", "when possible", "timely"],
      "low": ["whenever", "sometime", "no rush", "when convenient"]
    },
    "formality": {
      "formal": ["sir", "madam", "would you kindly", "i would appreciate", "could you please"],
      "professional": ["please", "thank you", "could you", "would you", "i need to"],
      "casual": ["hey", "hi", "yeah", "wanna", "can't", "don't", "thanks"]
    },
    "sentiment": {
      "positive": ["please", "thank", "appreciate", "grateful", "wonderful"],
      "negative": ["frustrated", "angry", "upset", "disappointed", "annoyed"],
      "neutral": []
    },
    "intent": {
      "availability": ["available", "there", "in", "free", "around"],
      "message": ["message", "tell", "let know", "inform"],
      "meeting": ["meeting", "schedule", "appointment", "book"],
      "callback": ["call back", "return call", "call me"],
      "edge_cases": []
    },
    "person_names": []
  },
  "learning_stats": {
    "total_updates": 0,
    "last_update": null,
    "categories_learned": {
      "urgency": 0,
      "formality": 0,
      "sentiment": 0,
      "intent": 0,
      "person_names": 0
    }
  },
  "last_saved": null
}